{"AAPL.txt": {"total profit": 24.010467000000006, "profit percent": 32.6759613928709}, "CSCO.txt": {"total profit": -7.658404999999995, "profit percent": -17.872242579922705}, "FB.txt": {"total profit": 12.130004999999983, "profit percent": 6.00762951795097}, "GOOGL.txt": {"total profit": 156.20996100000002, "profit percent": 11.001786278243486}, "JPM.txt": {"total profit": 14.978204000000005, "profit percent": 12.215364894558448}, "MSFT.txt": {"total profit": -1.5731360000000052, "profit percent": -0.9253500313300699}, "TMUS.txt": {"total profit": -6.610000999999997, "profit percent": -7.244630803258015}, "TSLA.txt": {"total profit": 105.10402700000006, "profit percent": 159.7714213078297}, "TTM.txt": {"total profit": -4.5100000000000025, "profit percent": -34.71901462663589}, "XOM.txt": {"total profit": -21.450054999999992, "profit percent": -38.14114206342301}}