{"AAPL.txt": {"total profit": 11.105161999999964, "profit percent": 16.95802692257083}, "CSCO.txt": {"total profit": -19.704984999999986, "profit percent": -44.84526550954942}, "FB.txt": {"total profit": 19.489957999999973, "profit percent": 9.755222324873886}, "GOOGL.txt": {"total profit": 65.82995600000004, "profit percent": 5.041968325396342}, "JPM.txt": {"total profit": -18.323928000000038, "profit percent": -14.44167458069448}, "MSFT.txt": {"total profit": -5.646377000000001, "profit percent": -3.7633356134229725}, "TMUS.txt": {"total profit": -11.37000499999995, "profit percent": -14.576929487179422}, "TSLA.txt": {"total profit": 319.410018, "profit percent": 476.91644932237057}, "TTM.txt": {"total profit": 0.2300000000000031, "profit percent": 1.9930675909878952}, "XOM.txt": {"total profit": -15.481704000000008, "profit percent": -24.26079667228653}}